retailer_product_id,barcode,product_name,original_retailer_name,current_price,pack_size,normalized_price,store_id,can_normalize
1412,4891228309268,טאצ' אפ סכיני גילוח חד פעמיים לעיצוב הגבות והסרת שיער עדין (,שיק סכיני סילק טאצ אפ 3 יחידות,8.3,3.0,24.900000000000002,52001,True
1424,8718951187122,שיניים לילדים בגילאי 0-3 ניקוי לשיניים ראשונות אריזת זוג (₪1,אלמקס זוג מברשות שיניים לילדים 0-3,14.45,2.0,28.9,52001,True
1492,8712713883888,מבריש גמיש ורך (₪1.12 ליחידה),סטימודנט קיסם מבריש 40 יח,1.12,40.0,44.800000000000004,52001,True
1497,5713795229314,מוצץ לטקס מידה 2 BOHEME זוג (₪39.95 ליחידה),BIBS מוצץ לטקס מידה 2 BOHEME אפור,39.95,2.0,79.9,52001,True
1508,8006540156674,חיתולים מידה 5 11- (₪2.41 ליחידה),פמפרס הרמוני חיתולים שלב 5 24 יח,2.41,24.0,57.84,52001,True
1602,8710103985129,נטורל ריספונס +1M שלב 3 זוג (₪25.45 ליחידה),אוונט נטורל ריספונס זוג פטמות +1M שלב 3,25.45,2.0,50.9,52001,True
1628,7290107280020,לחות לניקוי כללי אריזת שלישייה (₪6.97 ליחידה),סנו סושי מטליות לחות לניקוי כללי שלישייה,6.97,3.0,20.91,52001,True
1629,7290113810877,גילוח רב פעמיים וונדר לנשים 5 להבים לעור רגיש (₪9.97 ליחידה),לייף מחסנית וונדר 5 להבים לנשים 4 יח,9.97,4.0,39.88,52001,True
1650,5713795110209,מוצץ לטקס מידה 1 COLOUR זוג (₪39.95 ליחידה),BIBS מוצץ לטקס מידה 1 COLOUR ורוד,39.95,2.0,79.9,52001,True
1662,8017331060070,מברשת לרווחים רגילים (₪0.72 ליחידה),ביוריפייר קיסם מברשת לרווחים רגילים 40יח,0.72,40.0,28.799999999999997,52001,True
1669,3014260836665,PRO-EXPERT מברשת שיניים להגנה מקיפה 35 רך (₪21.95 ליחידה),אורל בי פרו אקספרט להגנה מקיפה 35 רך זוג,21.95,2.0,43.9,52001,True
1700,7290111600500,ידיים נוזלי אל סבון זוג שחור-לבן אריזת זוג (₪1.59 ל-),לייף זוג סבוני ידיים 500 מל שחור לבן,1.59,2.0,3.18,52001,True
1722,7290016437621,פנטס תחתוני חיתולים מידה 4 9- (₪1.41 ליחידה),האגיס פרידום דריי פנטס מידה 4 36 יחידות,1.41,36.0,50.76,52001,True
1737,5713795229208,מוצץ לטקס מידה 1 BOHEME זוג (₪39.95 ליחידה),BIBS מוצץ לטקס מידה 1 BOHEME ורוד אפור,39.95,2.0,79.9,52001,True
1741,7046110052457,ג'ורדן חוט דנטלי מתרחב 25 מטר (₪0.96 ל-1 מטר),גורדן חוט דנטלי מתרחב 25 מטר,0.96,25.0,24.0,52001,True
1746,9001616804564,לבקבוק יום ולילה תכלת (₪21.45 ליחידה),מאם זוג ידיות לבקבוק יום ולילה תכלת,21.45,2.0,42.9,52001,True
1756,3600523816699,L'OREAL PARIS TRIPLE ACTIVE קרם לחות לפנים במרקם ג'ל לעור רג,לוריאל פעולה משולשת פרש רגיל,106.0,3.0,318.0,52001,True
1800,7290119919475,ישראל - בדי בדיקה 100% כותנה (₪0.66 ליחידה),לייף בדי בדיקה 18 יח,0.66,18.0,11.88,52001,True
1902,4008600336440,ספייס לגילאי 0-6 חודשים (₪22.95 ליחידה),נוק זוג מוצצי סיליקון ספייס 0-6 אפורכחול,22.95,2.0,45.9,52001,True
1906,7290016437645,פנטס תחתוני חיתולים מידה 5 12- (₪1.59 ליחידה),האגיס פרידום דריי פנטס מידה 5 32 יחידות,1.59,32.0,50.88,52001,True
1959,7290000205762,אקסטרה קר חיתולים מידה 3 6- (₪1.42 ליחידה),האגיס אקסטרה קר מידה 3  40 יחידות,1.42,40.0,56.8,52001,True
1965,8700216350358,אקטיב בייבי דריי חיתולים בייבי דריי מידה 1 2- (₪1.16 ליחידה),פמפרס בייבי דריי מידה 1  37 יחידות,1.16,37.0,42.919999999999995,52001,True
2025,7290113829244,לייף קולגן וחומצה היאלורונית 30 טבליות (₪4.06 ליחידה),לייף קולגן וחומצה היאלורונית 30 טבליות,4.06,30.0,121.79999999999998,52001,True
2060,7290118203346,ממחטות אף רכות במיוחד 3 שכבות - פנדה (₪0.13 ליחידה),לייף טישו קוביה לושן פנדה 76 יחידות 3 שכ,0.13,76.0,9.88,52001,True
2080,8693495041461,שיניים פחם מארז זוג (₪16.45 ליחידה),קולגייט מברשת סלים סופט זוג פחם,16.45,2.0,32.9,52001,True
2160,7290112005953,POWER טבליות למדיח בניחוח מרענן (₪0.90 ליחידה),פיניש פאוור טבליות 72 יחידות ניחוח מרענן,0.9,72.0,64.8,52001,True
2170,5713795229307,מוצץ לטקס מידה 1 BOHEME זוג (₪39.95 ליחידה),BIBS מוצץ לטקס מידה 1 BOHEME אפור,39.95,2.0,79.9,52001,True
2234,7290014331730,ג'ורדן מארז מברשות שיניים לילדים 6-9 שנים (₪10.45 ליחידה),גורדן מארז זוג מב.שיניים לילדים 6-9 ורוד,10.45,2.0,20.9,52001,True
2265,8710103985181,נטורל ריספונס +6M שלב 6 זוג (₪25.45 ליחידה),אוונט נטורל ריספונס זוג פטמות +6M שלב 6,25.45,2.0,50.9,52001,True
2316,0651080647519,חוט דנטלי עם ידית לשימוש רב פעמי מנטה (₪0.44 ליחידה),פולסר פלקרס 36 יח מנטה,0.44,36.0,15.84,52001,True
2379,7290114968539,בייביז חיתולי פרימיום מידה 2 3- (₪0.83 ליחידה),לייף בייביז חיתולי פרימיום מידה 2 24 יח,0.83,24.0,19.919999999999998,52001,True
2510,7290113560413,צנטרום סילבר- מולטי-ויטמין בתוספת מינרלים לנשים בנות 50 ומעל,צנטרום סילבר נשים 50+ מולטיויטמין 60 טב,2.87,60.0,172.20000000000002,52001,True
2522,5713795110124,מוצץ לטקס מידה 1 COLOUR זוג (₪39.95 ליחידה),BIBS מוצץ לטקס מידה 1 COLOUR ורוד חום,39.95,2.0,79.9,52001,True
2570,7702018441075,ג'ילט מארז סכיני גילוח פיוז'ן ידני 12 סכינים (₪15.16 ליחידה),גילט מארז סכינים פיוזן ידני 12 יחידות,15.16,12.0,181.92000000000002,52001,True
2586,8700216350310,אקטיב בייבי דריי חיתולים בייבי דריי מידה 4+ 10- (₪1.53 ליחיד,פמפרס בייבי דריי מידה 4+  28 יחידות,1.53,28.0,42.84,52001,True
2607,7290108459760,לייף חטיפי חרובים בטעם שוקולד 6 מטריות חרובים (₪3.65 ליחידה),לייף תופינית 6 מטריות שוקולד חרובים שקית,3.65,6.0,21.9,52001,True
2614,5410103161617,L'OREAL PARIS TRIPLE ACTIVE קרם יום עם הפעולה המשולשת לעור י,לוריאל פעולה משולשת יבש ועדין,106.0,3.0,318.0,52001,True
2623,7290000205915,אקסטרה קר חיתולים מידה 4 8- 36 חיתולים (₪1.58 ליחידה),האגיס אקסטרה קר מידה 4          36 יח,1.58,36.0,56.88,52001,True
2633,5901691853829,מוצצי סיליקון מהדורת הרמוניה 3-6 אפור זוג (₪29.95 ליחידה),לאבי זוג מוצצי סיליקון הרמוניה 3-6 אפור,29.95,2.0,59.9,52001,True
2638,7290108353419,שיניים עם סיבי הלבנה ספירליים לשיניים לבנות יותר סופט אריזת ,אורביטול זוג מברשות שיניים להלבנה,10.45,2.0,20.9,52001,True
2777,8710103990369,נטורל ריספונס +שסתום AirFree להפחתת קוליק גזים וריפלוקס זוג ,אוונט בקבוק נטורל ריספונס איירוונט 125מל,55.45,2.0,110.9,52001,True
2806,3600521720219,L'OREAL PARIS TRIPLE ACTIVE קרם לילה עם הפעולה המשולשת לכל ס,לוריאל פעולה משולשת לילה,106.0,3.0,318.0,52001,True
2816,8710103985143,נטורל ריספונס +3M שלב 4 זוג (₪25.45 ליחידה),אוונט נטורל ריספונס זוג פטמות +3M שלב 4,25.45,2.0,50.9,52001,True
2866,8718951093331,שיניים רכות במיוחד לחניכיים רגישות (₪20.45 ליחידה),מרידול מברשת שיניים אקסטרה סופט זוג,20.45,2.0,40.9,52001,True
2965,7290118208945,Dental חוט דנטלי דמוי סאטן בטעם מנטה עם שעווה 50 מטר (₪0.40 ,לייף חוט דנטלי דמוי סאטן מנטה עם שעווה50,0.4,50.0,20.0,52001,True
2995,0651080161510,חוט דנטלי עם ידית לשיניים צפופות מנטה (₪0.45 ליחידה),פלקרס פולסר לשיניים צפופות-מנטה 35 יחידו,0.45,35.0,15.75,52001,True
2997,7290108450040,בייביז חטיף אורז אפוי בטעם ירקות לתינוקות 6+ חודשים - זוג חט,לייף בייביז חטיף אורז אפוי בטעם ירקות,31.8,2.0,63.6,52001,True
2998,5713795216550,מוצץ סיליקון ONE SIZE DE LUX זוג (₪39.95 ליחידה),BIBS מוצץ סיליקון DE LUX אפור כחול,39.95,2.0,79.9,52001,True
3048,8700216614252,בייבי דריי פנטס מפרץ ההרפתקאות מכנסונים מידה 4 9- (₪1.56 ליח,פמפרס מפרץ ההרפתקאות פנטס מידה 4 25 יח,1.56,25.0,39.0,52001,True
3057,7290118202141,מיקרופייבר לרצפה זוג (₪8.95 ליחידה),סאנדיי 2 מטליות מיקרופייבר לרצפה,8.95,2.0,17.9,52001,True
3086,7290119919918,גפן רגיל מארז זוג (₪5.95 ל-),לייף זוג צמר גפן רגיל 100 גרם,5.95,2.0,11.9,52001,True
3095,9001616203350,לבקבוק זרימה איטית (₪22.45 ליחידה),מאם זוג פטמות מס 1 זרימה איטית,22.45,2.0,44.9,52001,True
3122,7046110030608,ג'ורדן מברשת שיניים טרגט סנסיטיב אריזת זוג (₪12.45 ליחידה),גורדן זוג מברשות שיניים טרגט סנסיטיב,12.45,2.0,24.9,52001,True
3158,8700216596633,בייבי דריי פנטס מכנסונים מידה 4 9- (₪1.50 ליחידה),פמפרס בייבי דריי פנטס מידה 4 42 יח,1.5,42.0,63.0,52001,True
3213,7290108352214,לכביסה FRESH BREEZE 40 קפסולות (₪0.90 ליחידה),קפסולות לכביסה FRESH BREEZE 40 יח,0.9,40.0,36.0,52001,True
3335,4008600284918,מוצצים מיקי מאוס לגילאי 0-6 חודשים (₪22.95 ליחידה),נוק זוג מוצץ סיליקון דיסני מיקי 0-6 שחור,22.95,2.0,45.9,52001,True
3362,7290109314860,בייביז רפידות הנקה לבנות (₪0.56 ליחידה),לייף בייביז רפידות הנקה 50 יח לבן,0.56,50.0,28.000000000000004,52001,True
3372,8700216420273,פרימיום אריזת התנסות מידה 1 2- (₪0.97 ליחידה),פמפרס פרימיום חיתולים שלב 1 א.נשיאה 26יח,0.97,26.0,25.22,52001,True
3414,7290109923185,הפלא לאסלה - בניחוח ורדים 8 טבליות (₪2.49 ליחידה),אסטוניש טבליות הפלא לאסלה- ורדים,2.49,8.0,19.92,52001,True
3442,7290114965538,בייביז דריי פרוטקט חיתולים מידה 4+ (₪0.84 ליחידה),בייביז דריי פרוטקט חיתולים מידה 4+ 31 יח,0.84,31.0,26.04,52001,True
3551,8006540848036,SENSITIVE CLEAN ראשים למברשת חשמלית (₪27.74 ליחידה),אורל בי ראש חשמלי סנסיטיב 8 יחידות,27.74,8.0,221.92,52001,True
3562,7290108451153,DENTAL ראשים למברשת שיניים לילדים-ספיידרמן אריזת זוג (₪10.95,לייף מארז זוג ראשים למברשת לילדים-ספיידר,10.95,2.0,21.9,52001,True
3630,7046110052532,ג'ורדן חוט דנטלי מולטי אקשן 25 מטר (₪0.96 ל-1 מטר),גורדן חוט דנטלי מולטי אקשן,0.96,25.0,24.0,52001,True
3650,7290114964715,שעווה להסרת שיער מהפנים מועשרות בקמומיל 12 רצועות (₪2.07 ליח,לייף רצועות שעווה לפנים קמומיל 12 יח,2.07,12.0,24.839999999999996,52001,True
3657,7290114965408,שיניים וחניכיים רגישות HIGH DENSITY זוג (₪10.95 ליחידה),לייף זוג מברשות HIGH DENSITY,10.95,2.0,21.9,52001,True
3694,7290114968737,ראשים פחם אוניברסלי זוג (₪19.95 ליחידה),לייף מארז זוג ראשים פחם אוניברסלי,19.95,2.0,39.9,52001,True
3704,5713795210015,מוצץ לטקס מידה 1 COLOUR זוג (₪39.95 ליחידה),BIBS מוצץ לטקס מידה 1 COLOUR ורוד שמנת,39.95,2.0,79.9,52001,True
3754,7702018459445,ג'ילט פיוז'ן פאוור מחסנית סכיני גילוח רב פעמיים 12 סכינים (₪,גילט פיוזן פאוור סכיני גילוח 12 יחידות,16.82,12.0,201.84,52001,True
3793,7290000197463,פרידום דריי חיתולים מידה 4+ 10- (₪1.36 ליחידה),האגיס פרידום דריי שלב 4+          36  יח,1.36,36.0,48.96,52001,True
3816,7290118208204,גילוח חד פעמיים 3 להבים לגבר (₪5.47 ליחידה),לייף סכינים חדפ 3 להבים 4 יח לגבר,5.47,4.0,21.88,52001,True
3894,5901691888388,מוצצי סיליקון מהדורת פריחת אביב 0-3 כחול זוג (₪29.95 ליחידה),לאבי זוג מוצצי סיליקון פריחת אביב 0-3 כח,29.95,2.0,59.9,52001,True
3923,7290114965187,לתותבות (₪0.85 ליחידה),לייף טבליות לתותבות 40 יחידות,0.85,40.0,34.0,52001,True
3927,7290106959286,DENTAL מברשת שיניים פרו אינטרדנטלי סופט מארז שלישייה (₪8.97 ,לייף מברשת פרו אינטרדנטל שלישיה,8.97,3.0,26.910000000000004,52001,True
4047,7350075691393,HUMBLE קיסמי שיניים חוט דנטלי כפול עם ידית - תירס (₪0.44 ליח,THE HUMBLE קיסמי חוט דנטלי תירס 36 יח,0.44,36.0,15.84,52001,True
4085,8700216350396,אקטיב בייבי דריי חיתולים בייבי דריי מידה 5 11- (₪1.59 ליחידה,פמפרס בייבי דריי מידה 5  27 יחידות,1.59,27.0,42.93,52001,True
4104,7290119913923,מארז סכיני גילוח רב פעמיים 5 להבים (₪11.24 ליחידה),לייף מוסטאנג מארז 8 סכינים רב פעמי 5 להב,11.24,8.0,89.92,52001,True
4135,7290000187938,PURE נייר טואלט דו שכבתי בגוון פסטל - 150 דף בגליל במקום 155,לילי PURE פסטל נ.ט. 32 גלילים,9.22,100.0,922.0000000000001,52001,True
4157,8718951144064,שיניים לחניכים רגישות פרודונט אקספרט מארז זוג (₪20.45 ליחידה,מרידול מברשת שיניים פרדונט אקספרט זוג,20.45,2.0,40.9,52001,True
4265,7290114965545,בייביז דריי פרוטקט חיתולים מידה 5 (₪0.86 ליחידה),בייביז דריי פרוטקט חיתולים מידה 5 30 יח,0.86,30.0,25.8,52001,True
4271,8006540156513,חיתולים מידה 1 2- (₪1.16 ליחידה),פמפרס הרמוני חיתולים שלב 1 50 יח,1.16,50.0,57.99999999999999,52001,True
4281,7290108359282,סנו סופט פרימיום נייר טואלט 4 שכבות עבה ורך במיוחד 18 גלילים,סנו סופט פרימיום בעל 4 שכבות 18 גלילים,42.9,100.0,4290.0,3668073,True
4317,7290111598883,איכותיות הנשלפות בקלות לניקוי ולניגוב מגוון משטחים 30 מטליות,סאנדיי מטליות לשיש 30 יחידות אריזת חסכון,1.33,30.0,39.900000000000006,52001,True
4359,9001616825125,מוצצים סיליקון 6+ צבעי מאט ליום וללילה ליום + 1 יחידה זוהר ב,מאם 3 מוצצים יום+לילה 6+ אפור תכלת לבן,21.63,1.0,21.63,52001,True
4380,7290119912131,לושן רך במיוחד מארז שלישייה (₪5.63 ליחידה),לייף טישו לושן רך במיוחד מארז שלישייה,5.63,3.0,16.89,52001,True
4412,8700216891134,פרימיום חיתולים מידה 2 (₪1.25 ליחידה),פמפרס פרימיום חיתולים שלב 2 39 יח,1.25,39.0,48.75,52001,True
4457,7290111346811,EXCLUSIVE COMFORT נייר טואלט 3 שכבות מרופדות 32 גלילים (₪11.,לילי אקסלוסיב קומפורט לבן נ.ט. 32 גלילים,11.11,100.0,1111.0,52001,True
4486,8426420082785,זוהרים בחושך 0-6 חודשים - ארנב ורוד זוג (₪25.45 ליחידה),זוג מוצצים זוהר בחושך 0-6 חודשים ארנב,25.45,2.0,50.9,52001,True
4533,7290121161503,פרי חטיף בוטנים ושקדים קראנצ'י עם חמוציות ושוקולד מריר* (₪16,פרי חטיף בוטנים שקדים וחמוציות 4 יחידו,16.36,4.0,65.44,52001,True
4642,7290108352641,מיקרופייבר לניקוי כללי מארז שלישייה (₪5.30 ליחידה),סנו סושי מטלית פלא לניקוי כללי שלישייה,5.3,3.0,15.899999999999999,52001,True
4645,7290108450033,בייביז חטיף אורז אפוי בטעם טבעי לתינוקות 6+ חודשים - זוג חטי,לייף בייביז חטיף אורז אפוי בטעם טבעי 50,31.8,2.0,63.6,52001,True
4661,8700216596725,"בייבי דריי פנטס מכנסונים מידה 7 15+ ק""ג (₪2.17 ליחידה)",פמפרס בייבי דריי פנטס מידה 7 29 יח,2.17,29.0,62.93,52001,True
4667,7290115340167,קפסולות סרום עיניים 70 קפסולות (₪3.60 ליחידה),פרפייס קפסולות סרום עיניים (70),3.6,70.0,252.0,52001,True
4691,5713795198917,מוצץ לטקס מידה 1 COLOUR זוג (₪39.95 ליחידה),BIBS מוצץ לטקס מידה 1 COLOUR כחול תכלת,39.95,2.0,79.9,52001,True
4707,3034250007813,כיס טישו מארז (₪1.41 ליחידה),קלינקס טישו אורגינל ממחטות כיס 12 יח,1.41,12.0,16.919999999999998,52001,True
4733,8006540847855,PRO CROSS ACTION ראשים למברשת חשמלית (₪27.74 ליחידה),אורל בי ראש חשמלי פרו קרוס אקשן 8 יחידות,27.74,8.0,221.92,52001,True
4744,7290014331457,ג'ורדן מברשת שיניים לגילאי 0-2 שנים 2 מברשות (₪10.45 ליחידה),גורדן זוג מברשות שיניים לתינוקות0-2 כחול,10.45,2.0,20.9,52001,True
4799,3380810463170,"DOUBLE SERUM דאבל סרום לעיניים (₪2,335 ל-)",קלרינס דאבל סרום לעיניים 20 מל,2335.0,2.0,4670.0,52001,True
4824,9312931720300,הזנה מושלמת מחסנית סכיני גילוח רב פעמיים לנשים (₪14.97 ליחיד,שיק אינטואישן נשים סכיני גילוח שלישייה,14.97,3.0,44.910000000000004,52001,True
4856,9001616705335,מס' 0 ניו בורן זרימה איטית במיוחד (₪22.45 ליחידה),מאם זוג פטמות מס 0 ניו בורן,22.45,2.0,44.9,52001,True
4892,5713795220878,פיטמות לטקס לבקבוק - זרימה בינונית זוג (₪22.45 ליחידה),BIBS זוג פיטמות לטקס לבקבוק -זרימה בינונ,22.45,2.0,44.9,52001,True
4903,783495578680,5 הומנפלורה 53 זני פרוביוטיקה 15 כמוסות (₪19.66 ליחידה),קטגורי 5 הומנפלורה 53 זני פרוביוטיקה,19.66,15.0,294.9,52001,True
4926,7290120930346,לייף מסכות פנים רפואיות פריים-שילד מבד היפואלרגני (₪0.60 ליח,לייף מסכות פנים רפואיות פריים-שילד 50 יח,0.6,50.0,30.0,52001,True
4993,7290112006004,שעווה מוכנות לשימוש לפנים לעור רגיש (₪2.02 ליחידה),ויט רצועות שעווה לפנים לעור רגיש 40 יח,2.02,40.0,80.8,52001,True
5040,9001616203367,מס' 2 זרימה בינונית (₪22.45 ליחידה),מאם זוג פטמות מס 2 זרימה בינונית,22.45,2.0,44.9,52001,True
5051,9001616203305,סיליקון X למזון מהיר (₪22.45 ליחידה),מאם זוג פטמות X למזון סמיך,22.45,2.0,44.9,52001,True
5069,4891228313920,גילוח חד פעמיים לעיצוב שיער הפנים לגבר (₪8.30 ליחידה),שיק סכין לעיצוב שיער הפנים לגבר 3 יחידות,8.3,3.0,24.900000000000002,52001,True
5111,8718951187115,שיניים לילדים בגילאי 3-6 אריזת זוג (₪14.45 ליחידה),אלמקס זוג מברשות שיניים לילדים 3-6,14.45,2.0,28.9,52001,True
5141,5029053538426,ליטל סווימרס בגד-ים חד פעמי 12- מידה L (₪4.08 ליחידה),האגיס חיתולי שחיה 11 יחידות L,4.08,11.0,44.88,52001,True
5241,8710103985105,נטורל ריספונס +0M שלב 2 זוג (₪25.45 ליחידה),אוונט נטורל ריספונס זוג פטמות +0M שלב 2,25.45,2.0,50.9,52001,True
5324,5901691853836,מוצצי סיליקון מהדורת הרמוניה 3-6 חום זוג (₪29.95 ליחידה),לאבי זוג מוצצי סיליקון הרמוניה 3-6 חום,29.95,2.0,59.9,52001,True
5362,7610458017623,טייפ חוט דנטלי מטפלון 1762 20 מטר (₪1.90 ל-1 מטר),פארו סרט דנטלי מטפלון 1762,1.9,20.0,38.0,52001,True
5394,7290113850149,לייף לייף קידס תחתונים להרטבת לילה לילדים בוגרים L (₪3.69 לי,לייף קידס חיתולי לילה 9 יחידות L,3.69,9.0,33.21,52001,True
5395,5713795220861,פיטמות לטקס לבקבוק - זרימה איטית זוג (₪22.45 ליחידה),BIBS זוג פיטמות לטקס לבקבוק -זרימה איטית,22.45,2.0,44.9,52001,True
5455,7290111600517,ידיים נוזלי אל סבון זוג כחול- תכלת אריזת זוג (₪1.59 ל-),לייף זוג סבוני ידיים 500 מל כחולים,1.59,2.0,3.18,52001,True
5546,5713795259724,סטודיו מוצץ לטקס מידה 1 SKY BLUE MIX זוג (₪39.95 ליחידה),BIBS מוצצי לטקס מידה 1 SKY BLUE MIX,39.95,2.0,79.9,52001,True
5575,7613035829831,בקבוקים ופטמות מוכנים לשימוש שלב 1 (₪8.52 ל-),מטרנה מארז 6 בקבוקים שלב 1 מוכנים לשימוש,8.52,6.0,51.12,52001,True
5576,4008600429647,מוצצים פו הדב לגילאי 6-18 חודשים (₪22.95 ליחידה),נוק זוג מוצצי סיליקון פו הדב 6-18 אפור-ל,22.95,2.0,45.9,52001,True
5613,7290108357653,סבון ג'ל לאסלה בניחוח אוקינוס (₪5.97 ליחידה),סנובון באבלס בניחוח אוקינוס 3 יחידות,5.97,3.0,17.91,52001,True
5676,8700216891011,פרימיום חיתולים מידה 6 (₪2.22 ליחידה),פמפרס פרימיום חיתולים שלב 6 22 יח,2.22,22.0,48.84,52001,True
5713,7290113826007,בייביז מוצצים 6-18 AIRFLOW ורוד גיבורי על אריזת זוג (₪17.45 ,לייף זוג מוצצים 6-18 AIRFLOW ורוד גיבורי,17.45,2.0,34.9,52001,True
5721,7290118203971,לייף N שיעול MD לכסניות בטעם תפוז וג'ינג'ר לסיוע בהקלה על מי,לייף N שיעול סוכריות ג'ינג'ר-תפוז 20 יח,0.99,20.0,19.8,52001,True
5795,4015400536857,פרימיום חיתולים ניו בייבי מידה 0 - ומעלה אריזת נשיאה (₪0.80 ,פמפרס פרימיום חיתולים שלב 0 א.נשיאה 30יח,0.8,30.0,24.0,52001,True
5796,7290019927228,רחצה ושמפו קלנדולה לתינוק מארז זוג* (₪34.98 ל-),וולדה תחליב רחצה ושמפו קלנדולה תינוק זוג,34.98,2.0,69.96,52001,True
5816,0651080153515,חוט דנטלי עם ידית לשימוש רב פעמי לילדים (₪0.56 ליחידה),פלקרס חוט דנטלי לילדים 30 יח,0.56,30.0,16.8,52001,True
5830,7290118209065,מארז סכיני גילוח רב פעמיים 5 להבים (₪11.24 ליחידה),לייף מוסטאנג מארז 8 סכינים רב פעמי 5 להב,11.24,8.0,89.92,52001,True
5853,5713795259717,סטודיו מוצץ לטקס מידה 1 SAGE MIX זוג (₪39.95 ליחידה),BIBS מוצצי לטקס מידה 1 SAGE MIX,39.95,2.0,79.9,52001,True
5861,4008600429678,מוצצים פו הדב לגילאי 0-6 חודשים (₪22.95 ליחידה),נוק זוג מוצצי סיליקון פו הדב 0-6 אפור-לב,22.95,2.0,45.9,52001,True
5905,7290000262413,אקסטרה קר חיתולים מידה 5 12- (₪1.90 ליחידה),האגיס אקסטרה קר מידה 5          30 יח,1.9,30.0,57.0,52001,True
5954,8700216596701,בייבי דריי פנטס מכנסונים מידה 5 11- (₪1.70 ליחידה),פמפרס בייבי דריי פנטס מידה 5 37 יח,1.7,37.0,62.9,52001,True
5981,5029053574110,פול אפס תחתוני גמילה סופגים ליום - לבנים ולבנות מידה 6 15+ ק,האגיס פול אפס תח.גמילה יום יוניסקס 20 יח,2.79,20.0,55.8,52001,True
5992,4008600384489,מוצצים סיגנטור לגילאי 6-18 חודשים (₪22.95 ליחידה),נוק זוג מוצצי סיליקון סיגנטור 6-18 כחול,22.95,2.0,45.9,52001,True
6031,7290015424882,TO GO היפואלרגני PH3.5 20 מגבונים באריזה אישית (₪0.80 ליחידה,פמינה מגבונים אינטימיים 20 יח TO GO,0.8,20.0,16.0,52001,True
6050,8700216891035,פמפרס פמפרס פרימיום חיתולים מידה 7 (₪2.45 ליחידה),פמפרס פרימיום חיתולים שלב 7 20 יח,2.45,20.0,49.0,52001,True
6054,5410103161518,L'OREAL PARIS TRIPLE ACTIVE קרם לחות לפנים לעור רגיל ומעורב ,לוריאל פעולה משולשת רגיל מעור,106.0,3.0,318.0,52001,True
6081,5713795120406,מוצץ לטקס מידה 2 COLOUR זוג (₪39.95 ליחידה),BIBS מוצץ לטקס מידה 2 COLOUR ורוד,39.95,2.0,79.9,52001,True
6083,7290004731472,אל סבון קטיפתי מארז שלישייה (₪1.39 ל-),כיף אלסבון צבעוני שלישיה,1.39,3.0,4.17,52001,True
6155,7290014331624,ג'ורדן מארז מברשת שיניים לילדים 3-5 שנים (₪10.45 ליחידה),גורדן מארז זוג מב.שיניים לילדים 3-5 כחול,10.45,2.0,20.9,52001,True
6194,8700216363228,אקטיב בייבי דריי חיתולים בייבי דריי מידה 4 9- (₪1.38 ליחידה),פמפרס בייבי דריי מידה 4  31 יחידות,1.38,31.0,42.779999999999994,52001,True
6273,7290118202868,לניקוי כללי וחיטוי אמבטיה * (₪0.14 ליחידה),סאנדיי זוג אריזות מגבונים לניקוי כללי,0.14,2.0,0.28,52001,True
6287,5713795259694,סטודיו מוצץ לטקס מידה 1 IVORY VANILLA MIX זוג (₪39.95 ליחידה,BIBS מוצצי לטקס מידה 1 IVORY VANILLA MIX,39.95,2.0,79.9,52001,True
6321,7290010222759,קפאין C1 מארז 3 בקבוקים - כל אחד (₪16.80 ל-),אלפסין שמפו קפאין C1 מארז שלישייה,16.8,3.0,50.400000000000006,52001,True
6323,4008600284871,מוצצים מיקי מאוס לגילאי 6-18 חודשים (₪22.95 ליחידה),נוק זוג מוצצי סיליקון מיקי 6-18 שחור,22.95,2.0,45.9,52001,True
6333,7290106959293,DENTAL מברשת שיניים קומפורט וויט סופט-מדיום זוג (₪10.95 ליחי,לייף מברשת שיניים קומפורט ווייט זוג,10.95,2.0,21.9,52001,True
6351,7046110070192,ג'ורדן מברשת שיניים קלין סמייל אריזת שלישייה (₪4.97 ליחידה),גורדן שלישייה מברשות שיניים קלין סמייל,4.97,3.0,14.91,52001,True
6367,7046110052686,ג'ורדן חוט דנטלי מנטה יומי 50 מטר (₪0.28 ל-1 מטר),גורדן חוט דנטלי מנטה יומי 50 מטר,0.28,50.0,14.000000000000002,52001,True
6385,3014260280772,חוט דנטלי מנטה עם שעווה 50 מטר (₪0.46 ל-1 מטר),אורל בי חוט דנטלי מנטה,0.46,50.0,23.0,52001,True
6401,7290108353402,שיניים עם סיבי פחם דקים במיוחד לניקוי עמוק ויסודי אקסטרא סופ,אורביטול זוג מברשות שיניים סיבי פחם,10.45,2.0,20.9,52001,True
6427,7290014059184,לניקוי שיניים תותבות 36 טבליות (₪1 ליחידה),קורגה טבליות 36 בקופסא,1.0,36.0,36.0,52001,True
6450,9001616203626,לבקבוק זרימה מהירה (₪22.45 ליחידה),מאם זוג פטמות מס 3 זרימה מהירה,22.45,2.0,44.9,52001,True
6490,5713795110438,מוצץ לטקס מידה 1 COLOUR זוג (₪39.95 ליחידה),BIBS מוצץ לטקס מידה 1 COLOUR שמנת ירוק,39.95,2.0,79.9,52001,True
6541,7290111346828,EXCLUSIVE COMFORT נייר טואלט 3 שכבות מרופדות 32 גלילים (₪11.,לילי אקסלוסיב קומפורט ורוד נ.ט. 32 גלילי,11.11,100.0,1111.0,52001,True
6571,7290106955950,גומי רב פעמיות לניקיון L-XL זוג כפפות (₪3.95 ליחידה),סאנדיי כפפות L-XL,3.95,2.0,7.9,52001,True
6599,8006540156551,חיתולים מידה 2 4- (₪1.48 ליחידה),פמפרס הרמוני חיתולים שלב 2 39 יח,1.48,39.0,57.72,52001,True
6601,5713795229284,מוצץ לטקס מידה 1 BOHEME זוג (₪39.95 ליחידה),BIBS מוצץ לטקס מידה 1 BOHEME ורוד,39.95,2.0,79.9,52001,True
6604,7046110064078,ג'ורדן INDIVIDUAL קלין מברשת השיניים המותאמת לכל אחד (₪15.45,גורדן מארז זוג מברשת אינדיבידואל קלין,15.45,2.0,30.9,52001,True
6612,0036000183399,ליטל סווימרס בגד-ים חד פעמי 7- מידה S/M (₪3.74 ליחידה),האגיס חיתולי שחיה 12 יחידות S,3.74,12.0,44.88,52001,True
6628,7290109318356,לייף לייף בייביז סדיניות לילה חד פעמיות למניעת הרטבת המזרן ל,לייף סדיניות לילדים לשמירה על הסדין 10יח,2.99,10.0,29.900000000000002,52001,True
6663,5010622005012,חוט דנטלי ללא שעווה 50 מטר (₪0.46 ל-1 מטר),אורל בי חוט דנטלי,0.46,50.0,23.0,52001,True
6686,8700216891103,פרימיום חיתולים מידה 5 (₪2.04 ליחידה),פמפרס פרימיום חיתולים שלב 5 24 יח,2.04,24.0,48.96,52001,True
6774,7290118208952,דנטלי עם שעווה בטעם מנטה עם מראה 40 מטר (₪0.50 ל-1 מטר),חוט דנטלי עם שעווה בטעם מנטה 40מ עם מראה,0.5,40.0,20.0,52001,True
6849,7290114964807,Dental ראשי החלפה למברשת שיניים חשמלית (₪10.95 ליחידה),לייף זוג ראשים למברשת חשמלית-ירוק,10.95,2.0,21.9,52001,True
6850,7290012071690,"ד""ר פישר אלכוג'ל אלכו-ג'ל מגבונים לניקוי וחיטוי משטחים 20 מג",אלכוויפס מגבונים לניקוי וחיטוי משטחים,0.75,20.0,15.0,52001,True
6856,4891228316877,מחסנית סכיני דרמפלנינג 3 סכינים (₪20.30 ליחידה),שיק אינטואישן דרמגלואו מארז 3 סכינים,20.3,3.0,60.900000000000006,52001,True
6917,7290114966764,לייף ויטמין D + C + אבץ 100 כמוסות (₪0.71 ליחידה),לייף ויטמין D + C + אבץ 100 כמוסות,0.71,100.0,71.0,52001,True
6941,8017331058329,מברשת לרווחים צרים (₪0.72 ליחידה),ביוריפייר קיסם מברשת לרווחים צרים 40 יח,0.72,40.0,28.799999999999997,52001,True
7049,8700216890984,פרימיום חיתולים מידה 3 (₪1.53 ליחידה),פמפרס פרימיום חיתולים שלב 3 32 יח,1.53,32.0,48.96,52001,True
7083,8700216302227,ראשי מילוי למברשת שיניים חשמלית לילדים מלך האריות אריזת שמינ,אורל בי ראש חשמלי לילדים מלך האריות 8 יח,27.74,8.0,221.92,52001,True
7098,9001616804571,לבקבוק יום ולילה ורוד (₪21.45 ליחידה),מאם זוג ידיות לבקבוק יום ולילה ורוד,21.45,2.0,42.9,52001,True
7128,8693495051255,שיניים סלים סופט זהב לניקוי עדין ועמוק מארז זוג (₪20.45 ליחי,קולגייט מברשת סלים סופט זוג זהב,20.45,2.0,40.9,52001,True
7202,7290113840768,טישו בתוספת לחות חמישייה (₪3.18 ליחידה),לייף מארז 5 טישו במבו בתוספת לחות 40 יח,3.18,5.0,15.9,52001,True
7208,7290118201090,קוביה במבו 3 שכבות (₪0.13 ליחידה),לייף טישו קוביה במבו 60 יחידות 3 שכבות,0.13,60.0,7.800000000000001,52001,True
7216,7290113826014,בייביז מוצצים 6-18 AIRFLOW כחול גיבורי על אריזת זוג (₪17.45 ,לייף זוג מוצצים 6-18 AIRFLOW כחול גיבורי,17.45,2.0,34.9,52001,True
7228,7290108450057,בייביז חטיף אורז אפוי בטעם בננה לתינוקות 6+ חודשים - זוג חטי,לייף חטיף אורז אפוי בטעם בננה לתינוקות 6,31.8,2.0,63.6,52001,True
7254,7290111592584,בייביז שקיות לאחסון חלב אם והקפאת חלב (₪1.12 ליחידה),לייף בייביז שקיות לאחסון חלב אם 50 יח,1.12,50.0,56.00000000000001,52001,True
7314,783495578659,5 לקטופר - גליקופרוטאין 30 כמוסות (₪7.50 ליחידה),קטגורי 5 לקטופר - גליקופרוטאין,7.5,30.0,225.0,52001,True
7325,7290120665637,לייף מסכות פנים כחולות-מארז (₪0.28 ליחידה),מסכות פנים כחולות-מארז 50,0.28,50.0,14.000000000000002,52001,True
7328,7290014331600,ג'ורדן מברשת שיניים לגילאי 0-2 שנים 2 מברשות (₪10.45 ליחידה),גורדן זוג מברשות שיניים לתינוקות0-2 ורוד,10.45,2.0,20.9,52001,True
7335,4008600384427,סיגנטור 6-18 חודשים ורוד (₪22.95 ליחידה),נוק זוג מוצצים סיגנטור 6-18 חודשים ורוד,22.95,2.0,45.9,52001,True
7338,7290012823602,נייר טואלט לבן 32 גלילים (₪6.26 ל-100 מטר),סנו סופט נייר טואלט 32 גלילים לבן,6.26,100.0,626.0,52001,True
7344,8710103989745,בקבוק נטורל ריספונס זוג (₪55.45 ליחידה),אוונט זוג בקבוק נטורל ריספונס 260 מל,55.45,2.0,110.9,52001,True
7347,7290114964777,שעווה להסרת שיער מהפנים מועשרות בקמומיל 24 רצועות (₪1.54 ליח,לייף רצועות שעווה לפנים קמומיל 24 יח,1.54,24.0,36.96,52001,True
7348,9001616825101,מוצצים סיליקון 6+ צבעי מאט ליום וללילה ליום + 1 יחידה זוהר ב,מאם 3 מוצצים יום+לילה 6+ כחול תכלת לבן,21.63,1.0,21.63,52001,True
7366,7290118208211,ממחטות נייר לושן רכות במיוחד 3 שכבות (₪0.12 ליחידה),לייף טישו לושן 3 שכבות 120 יחידות,0.12,120.0,14.399999999999999,52001,True
7397,7290016321531,רצועות שעווה לרגליים ולגוף בתוספת אלוורה 12 רצועות + 3 מגבונ,מגע הדבש רצועות שעווה אלוורה 12 יח,3.32,12.0,39.839999999999996,52001,True
7432,7290119919925,גפן תליש - זוג (₪6.45 ל-),לייף זוג צמר גפן תליש 100 גרם,6.45,2.0,12.9,52001,True
7476,7290119910496,בייביז ווי תלייה לעגלה סקוטצ'ים בצבע שחור זוג (₪7.45 ליחידה),וו תלייה לעגלה- סקוטצים בצבע שחור זוג,7.45,2.0,14.9,52001,True
7510,7290113826939,לייף ויטמין D-3 סוכריות ג'לי לילדים בצורת דובונים בטעם תות 5,לייף ויטמין D-3 סוכריות גלי לילדים 50 יח,0.94,50.0,47.0,52001,True
7523,8700216891080,פרימיום חיתולים מידה 1 (₪1.11 ליחידה),פמפרס פרימיום חיתולים שלב 1 44 יח,1.11,44.0,48.84,52001,True
7558,9001616825118,מוצצים סיליקון 6+ צבעי מאט ליום וללילה ליום + 1 יחידה זוהר ב,מאם 3 מוצצים יום+לילה 6+ ורוד סגול וסגול,21.63,1.0,21.63,52001,True
7624,8017331085424,מברשת לרווחים גדולים (₪0.72 ליחידה),ביוריפייר קיסם מברשת לרווחים גדולים 40יח,0.72,40.0,28.799999999999997,52001,True
7626,7290108359213,טואלט דו שכבתי 18 גלילים כפולים (₪6.36 ל-100 מטר),סנו סופט גמבו נייר טואלט 18 גליל=36 גליל,6.36,100.0,636.0,52001,True
7647,8700216596596,בייבי דריי פנטס מכנסונים מידה 6 13- (₪1.97 ליחידה),פמפרס בייבי דריי פנטס מידה 6 32 יח,1.97,32.0,63.04,52001,True
7671,3666057106965,"DOUBLE SERUM LIGHT סרום (₪1,302 ל-)",קלרינס דאבל סרום לייט 50 מל,1302.0,2.0,2604.0,52001,True
7747,8006540847213,3D White ראש למברשת חשמלית להלבנה (₪29.23 ליחידה),אורל בי ראש חשמלי 3D וויט 4 יח,29.23,4.0,116.92,52001,True
7752,7290111347252,אקסטרה קר חיתולים מידה 6 16- (₪2.11 ליחידה),האגיס אקסטרה קר מידה 6          27 יח,2.11,27.0,56.97,52001,True
7762,5029053002439,נייר טואלט דו שכבתי צהוב 9 גלילים (₪19.73 ל-100 מטר),קלינקס נייר טואלט צהוב,19.73,100.0,1973.0,52001,True
7775,8700216614214,בייבי דריי פנטס מפרץ ההרפתקאות מכנסונים מידה 6 13- (₪2.05 לי,פמפרס מפרץ ההרפתקאות פנטס מידה 6 19 יח,2.05,19.0,38.949999999999996,52001,True
7782,5713795200597,מוצץ סיליקון ONE SIZE DE LUX זוג (₪39.95 ליחידה),BIBS מוצץ סיליקון DE LUX שמנת ורוד,39.95,2.0,79.9,52001,True
7865,8700216350402,אקטיב בייבי דריי חיתולים בייבי דריי מידה 3 6- (₪1.23 ליחידה),פמפרס בייבי דריי מידה 3  35 יחידות,1.23,35.0,43.05,52001,True
7882,8710103989783,בקבוק נטורל ריספונס זוג (₪55.45 ליחידה),אוונט זוג בקבוק נטורל ריספונס 330 מל,55.45,2.0,110.9,52001,True
7885,7290113825987,בייביז מוצצים 6-18 AIRFLOW זוהר בחושך חלל אריזת זוג (₪17.45 ,לייף זוג מוצצים 6-18 AIRFLOW זוהר חלל,17.45,2.0,34.9,52001,True
7934,5713795110162,מוצץ לטקס מידה 1 COLOUR זוג (₪39.95 ליחידה),BIBS מוצץ לטקס מידה 1 COLOUR שחור לבן,39.95,2.0,79.9,52001,True
7950,7350075691409,HUMBLE קיסמי שיניים חוט דנטלי כפול עם ידית - פחם (₪0.44 ליחי,THE HUMBLE קיסמי חוט דנטלי פחם 36 יח,0.44,36.0,15.84,52001,True
7959,7290114965521,בייביז דריי פרוטקט חיתולים מידה 4 (₪0.76 ליחידה),בייביז דריי פרוטקט חיתולים מידה 4 34 יח,0.76,34.0,25.84,52001,True
8011,8426420082822,זוהרים בחושך 6-18 חודשים - ארנב ורוד זוג (₪25.45 ליחידה),זוג מוצצים זוהר בחושך 6-18 חודשים ארנב,25.45,2.0,50.9,52001,True
8017,7290114964814,להחלפה מבוגרים-כחול אריזת זוג (₪10.95 ליחידה),לייף מארז זוג ראשים להחלפה מבוגרים-כחול,10.95,2.0,21.9,52001,True
8020,5713795120192,מוצץ לטקס מידה 2 COLOUR זוג (₪39.95 ליחידה),BIBS מוצץ לטקס מידה 2 COLOUR כחול,39.95,2.0,79.9,52001,True
8130,7290114965514,בייביז דריי פרוטקט חיתולים מידה 3 (₪0.68 ליחידה),בייביז דריי פרוטקט חיתולים מידה 3 38 יח,0.68,38.0,25.840000000000003,52001,True
8160,7290113822122,Dental מברשות שיניים מעוצבות לילדים לגילאי 6-12 SMILE זוג (₪,לייף זוג מברשות שיניים מעוצבות גוניור,9.95,2.0,19.9,52001,True
8167,5016221202548,חוט דנטלי עם ידית לשימוש רב פעמי מנטה אקולוגי (₪0.60 ליחידה),פולסר פלקרס חוט דנטלי עם ידית מנטה 30 יח,0.6,30.0,18.0,52001,True
8188,5029053002408,נייר טואלט דו שכבתי לבן 9 גלילים (₪19.73 ל-100 מטר),קלינקס נייר טואלט לבן,19.73,100.0,1973.0,52001,True
8218,7290000197425,פרידום דריי חיתולים מידה 3 6- (₪1.06 ליחידה),האגיס פרידום דריי שלב 3           46 יח,1.06,46.0,48.760000000000005,52001,True
8242,8006540847961,PRO SENSITIVE CLEAN ראשים למברשת חשמלית (₪29.23 ליחידה),אורל בי ראש חשמלי פרו סנסיטיב 4 יחידות,29.23,4.0,116.92,52001,True
8243,8700216301954,ראשי מילוי למברשת שיניים חשמלית לילדים מלך האריות אריזת רביע,אורל בי ראש חשמלי לילדים מלך האריות 4 יח,29.23,4.0,116.92,52001,True
8288,8720689028066,סטארט מוצצי סיליקון 0-2 חודשים (₪27.95 ליחידה),אולטרה סטראט זוג מוצצים 0-2 ירוק זוהרים,27.95,2.0,55.9,52001,True
8339,5029053579986,טישו ממחטות אף 3 שכבות (₪0.20 ליחידה),קלינקס באלסאם ממחטות 3 שכבות 112 יחידות,0.2,112.0,22.400000000000002,52001,True
8342,80761761,קינדר ופל ממולא בחלב ואגוזי לוז מצופה בשוקולד לבן 2 יח* (₪17,קינדר בואנו חטיף לבן בודד,17.69,2.0,35.38,52001,True
8368,7290121161480,פרי חטיף בוטנים ושקדים קראנצ'י עם קרמל מלוח ושוקולד מריר* (₪,פרי חטיף בוטנים שקדים וקרמל מלוח 4 יחידו,16.36,4.0,65.44,52001,True
8378,8006540847299,PRO PRECISION CLEAN ראשים למברשת חשמלית (₪29.23 ליחידה),אורל בי ראש חשמלי לניקוי יסודי 4 יחידות,29.23,4.0,116.92,52001,True
8447,7290108352535,בישום לחים למייבש הכביסה (₪0.75 ליחידה),מקסימה דפי בישום לחים למייבש הכביסה 20יח,0.75,20.0,15.0,52001,True
8567,4008600402145,סטאר 0-6 חודשים כחול (₪22.95 ליחידה),נוק זוג מוצצים סטאר 0-6 חודשים כחול,22.95,2.0,45.9,52001,True
8569,7290018365922,הרבה לקס אקסטרה לקס 90 כמוסות (₪1.01 ליחידה),אקסטרה לקס 90 כמוסות,76.8,90.0,6912.0,3668103,True
8673,5713795229185,מוצץ לטקס מידה 1 BOHEME זוג (₪39.95 ליחידה),BIBS מוצץ לטקס מידה 1 BOHEME סגול ורוד,79.9,2.0,159.8,3668073,True
8676,7046110069202,ג'ורדן קיסמי שיניים רגיל (₪0.27 ליחידה),גורדן קיסמי שיניים רגיל 100 יח,0.27,100.0,27.0,52001,True
8698,7290014331716,ג'ורדן מארז מברשת שיניים לילדים 3-5 שנים (₪10.45 ליחידה),גורדן מארז זוג מב.שיניים לילדים 3-5 ורוד,10.45,2.0,20.9,52001,True
8712,7290118208228,גילוח חד פעמיים 3 להבים לאשה (₪5.72 ליחידה),לייף סכינים חדפ 3 להבים 4 יח לאשה,5.72,4.0,22.88,52001,True
8753,7290111347870,אוברנייטס חיתול לילה מידה 5 12- (₪2.07 ליחידה),האגיס חיתול לילה מידה 5 - 12-23 קג 26 יח,2.07,26.0,53.81999999999999,52001,True
8787,7290113711839,ראשים אוניברסליים סנסטיב (₪18.98 ליחידה),לייף מארז 4 יח ראשים אוניברסליים סנסטיב,18.98,4.0,75.92,52001,True
8804,7290014331723,ג'ורדן מארז מברשות שיניים לילדים 6-9 שנים (₪10.45 ליחידה),גורדן מארז זוג מב.שיניים לילדים 6-9 כחול,10.45,2.0,20.9,52001,True
8821,4210201385233,ראשי מילוי למברשת שיניים חשמלית לילדים פרוזן אריזת רביעייה (,אורל בי ראש חשמלי לילדים פרוזן 4 יחידות,29.23,4.0,116.92,52001,True
8851,8700216890946,פרימיום חיתולים מידה 4 (₪1.75 ליחידה),פמפרס פרימיום חיתולים שלב 4 28 יח,1.75,28.0,49.0,52001,True
8873,7290118208938,Dental חוט דנטלי עם שעווה בטעם מנטה 50 מטר (₪0.40 ל-1 מטר),לייף חוט דנטלי מנטה עם שעווה 50 מטר,0.4,50.0,20.0,52001,True
8892,7290114965552,בייביז דריי פרוטקט חיתולים מידה 6 (₪1 ליחידה),בייביז דריי פרוטקט חיתולים מידה 6 26 יח,1.0,26.0,26.0,52001,True
8946,7290014626058,קלנדולה החתלה לתינוק אריזת שלישייה (₪55.96 ל-),וולדה קרם קלנדולה החתלה שלישיה,55.96,3.0,167.88,52001,True
8959,7290119918669,בייביז מוצצי סיליקון אורתודונטי +6 בנות (₪17.45 ליחידה),זוג מוצצי סיליקון אורתודונטי +6 בנות,17.45,2.0,34.9,52001,True
8996,7290112001733,שעווה מוכנות לשימוש לעור רגיל (₪2.27 ליחידה),ויט רצועות שעווה לעור רגיל 40 יחידות,2.27,40.0,90.8,52001,True
9036,8710103989622,נטורל ריספונס * (₪45.45 ליחידה),אוונט זוג בקבוקי נטורל ריספונס 125 מל,45.45,2.0,90.9,52001,True
9038,7290111347856,אוברנייטס חיתול לילה מידה 3 6- (₪2.07 ליחידה),האגיס חיתול לילה מידה 3 - 6-10 קג 26 יח,2.07,26.0,53.81999999999999,52001,True
9039,7290111592591,בייביז שקיות לאחסון חלב אם והקפאת חלב (₪1.28 ליחידה),לייף בייביז שקיות חלב אם 25 יח עובי משופ,1.28,25.0,32.0,52001,True
9047,8006540156636,חיתולים מידה 4 9- (₪2.07 ליחידה),פמפרס הרמוני חיתולים שלב 4 28 יח,2.07,28.0,57.959999999999994,52001,True
9073,5713795200634,מוצץ סיליקון ONE SIZE DE LUX זוג (₪39.95 ליחידה),BIBS מוצץ סיליקון DE LUX שחור אפור,79.9,2.0,159.8,3668073,True
9094,7290018080276,רפידות הנקה חד פעמיות (₪1.13 ליחידה),מאמי קר רפידות הנקה 60 יחידות,1.13,60.0,67.8,52001,True
9123,7702018574254,גילוח לקו ביקיני 4 סכינים (₪20.23 ליחידה),ונוס מארז 4 סכיני גילוח ביקיני,20.23,4.0,80.92,52001,True
9148,7290111344503,אקסטרה קר חיתולים מידה +4 10- (₪1.78 ליחידה),האגיס אקסטרה קר מידה 4+          32 יח,1.78,32.0,56.96,52001,True
9176,7290018365939,הרבה לקס אקסטרה לקס 180 כמוסות (₪0.79 ליחידה),אקסטרה לקס 180 כמוסות,0.79,180.0,142.20000000000002,52001,True
9213,7290111343117,ממחטות טישו בתוספת : אלוורה ויטמין E וקלנדולה מארז זוג (₪8.4,קלינקס לושן ניילון אריזת זוג,8.45,2.0,16.9,52001,True
9222,8006540711521,בייבי דריי פנטס מכנסונים מידה 4 9- (₪1.50 ליחידה),פמפרס בייבי דריי פנטס מידה 4 42 יח,1.5,42.0,63.0,52001,True
9320,7290118206118,לייף אומגה עילית זירו 120 כמוסות (₪1.60 ליחידה),לייף אומגה עילית זירו 900 מג 120 כמוסות,1.6,120.0,192.0,52001,True
9324,7290012193071,ג'ורדן קיסמי שיניים דקים דו צדדיים מארז זוג (₪0.15 ליחידה),גורדן קסמי שיניים דקים מארז זוג,0.15,2.0,0.3,52001,True
9340,5713795110230,מוצץ לטקס מידה 1 COLOUR זוג (₪39.95 ליחידה),BIBS מוצץ לטקס מידה 1 COLOUR ירוק,39.95,2.0,79.9,52001,True
9377,5713795259700,מוצץ לטקס מידה 1 COLOUR זוג (₪39.95 ליחידה),BIBS מוצץ לטקס מידה 1 COLOUR שנהב שקט,39.95,2.0,79.9,52001,True
9379,722252153289,מאגדת מיני חטיף שוקולד צ'יפס (₪17.82 ל-),CLIF מאגדת מיני חטיף שוקולד ציפס 10 יחיד,17.82,10.0,178.2,52001,True
9380,8700216350419,אקטיב בייבי דריי חיתולים בייבי דריי מידה 6 13- (₪1.79 ליחידה,פמפרס בייבי דריי מידה 6  24 יחידות,1.79,24.0,42.96,52001,True
9387,7046110064139,ג'ורדן INDIVIDUAL מברשת השיניים המותאמת לכל אחד (₪15.45 ליחי,גורדן מארז זוג מברשת אינדיבידואל ריץ,15.45,2.0,30.9,52001,True
9411,7290118209355,בייביז שקיות סטריליזציה למיקרוגל (₪5.98 ליחידה),שקיות סטרליזטור למיקרוגל - 5 יחידות,5.98,5.0,29.900000000000002,52001,True
9430,8710103556879,הנקה (₪0.85 ליחידה),אוונט רפידות הנקה 60 יחידות,0.85,60.0,51.0,52001,True
9445,7290111603990,Dental מארז ראשים לסילון מים דנטלי נטען ונייד זוג (₪35.95 לי,לייף דנטל מארז זוג ראשים לסילונית אקווה,35.95,2.0,71.9,52001,True
9478,7290113825994,בייביז מוצצים 6-18 AIRFLOW זוהר בחושך דביבון אריזת זוג (₪17.,לייף זוג מוצצים 6-18 AIRFLOW זוהר דביבון,17.45,2.0,34.9,52001,True
9479,7290113822726,שיניים סימבה 3-6 רגל עומדת זוג (₪9.95 ליחידה),לייף זוג מברשות שיניים סימבה 3-6 רגל עומ,9.95,2.0,19.9,52001,True
9480,7290113810884,גילוח רב פעמיים לנשים פלקס טאצ' 5 להבים גמיש במיוחד (₪9.97 ל,לייף מחסנית פלקס טאץ 5 להבים לנשים 4 יח,9.97,4.0,39.88,52001,True
9487,8006540156599,חיתולים מידה 3 6- (₪1.87 ליחידה),פמפרס הרמוני חיתולים שלב 3 31 יח,1.87,31.0,57.970000000000006,52001,True
9497,7290118208983,גילוח חד פעמיים 2 להבים עם ראש מתכוונן (₪3.18 ליחידה),לייף סכיני גילוח חדפ דו להבי 5 יח לגברים,3.18,5.0,15.9,52001,True
9500,8700216596671,"בייבי דריי פנטס מכנסונים מידה 8 17+ ק""ג (₪2.42 ליחידה)",פמפרס בייבי דריי פנטס מידה 8 26 יח,2.42,26.0,62.92,52001,True
9516,7290111347863,אוברנייטס חיתול לילה מידה 4 8- (₪2.07 ליחידה),האגיס חיתול לילה מידה 4 - 8-13 קג 26 יח,2.07,26.0,53.81999999999999,52001,True
9522,7290109923178,הפלא לאסלה - בניחוח אקליפטוס 8 טבליות (₪2.49 ליחידה),אסטוניש טבליות הפלא לאסלה- אקליפטוס,2.49,8.0,19.92,52001,True
9552,7290111346149,טישו תלת שכבתי אקסטרה דיילי קר שלישייה (₪7.30 ליחידה),קלינקס אקסטרה דיילי קר שלישייה,7.3,3.0,21.9,52001,True
9606,3014260239640,ג'ילט מאך 3 סכיני גילוח רב פעמי 8 סכינים (₪11.74 ליחידה),גילט מאך 3 סכיני גילוח 8 יח,11.74,8.0,93.92,52001,True
9615,7290012116735,סנו נייר טואלט נייר דו שכבתי 24 גלילים כפולים (₪5.21 ל-100 מ,סנו סופט גמבו נייר טואלט 24 גל 900מ קומפ,5.21,100.0,521.0,52001,True
9621,7290111347115,PURE MEGA נייר טואלט דו שכבתי בגוון לבן 18 גלילי מגה (₪9.23 ,לילי PURE MEGA נ.ט. לבן 18 גלילים,9.23,100.0,923.0,52001,True
9623,7702018866984,ג'ילט פיוז'ן מחסנית סכיני גילוח רב פעמיים 4 סכינים (₪20.23 ל,גילט פיוזן ידני סכיני גילוח 4 יחידות,20.23,4.0,80.92,52001,True
9625,7290000201801,PURE נייר טואלט דו שכבתי מהדורה מוזהבת - 150 דף בגליל במקום ,לילי PURE נ.ט. 24 גלילים מהדורה מוזהבת,8.67,100.0,867.0,52001,True
9695,7290118208976,גילוח חד פעמיים 2 להבים ראש מתכוונן (₪3.18 ליחידה),לייף סכיני גילוח חדפ דו להבי 5 יח לנשים,3.18,5.0,15.9,52001,True
9712,4210201388470,ראשי מילוי למברשת שיניים חשמלית לילדים ספיידרמן אריזת רביעיי,אורל בי ראש חשמלי לילדים ספיידרמן 4 יחיד,29.23,4.0,116.92,52001,True
9782,7290000187921,PURE נייר טואלט דו שכבתי בגוון לבן - 150 דף בגליל במקום 155 ,לילי PURE נ.ט. לבן 32 גלילים,8.5,100.0,850.0,52001,True
9784,7290114965507,בייביז דריי פרוטקט חיתולים מידה 2 (₪0.56 ליחידה),בייביז דריי פרוטקט חיתולים מידה 2 46 יח,0.56,46.0,25.76,52001,True
9814,9001616672675,זוג מגיני פטמה (₪29.95 ליחידה),מאם זוג מגיני פטמה,29.95,2.0,59.9,52001,True
9826,5010622018258,חוט דנטאלי דמוי סאטן בטעם מנטה 25 מטר (₪0.96 ל-1 מטר),אורל בי חוט דנטלי סאטין 25 מטר,0.96,25.0,24.0,52001,True
9832,7290016437652,פנטס תחתוני חיתולים האגיס פנטס מידה 6 15- (₪1.96 ליחידה),האגיס פרידום דריי פנטס מידה 6 26 יחידות,1.96,26.0,50.96,52001,True
9852,7290013848345,99.9% מחטא מטליות לחיטוי ולניקוי יסודי 50 יח' - אריזת שלישיי,סנו 99.9% מחטא מטליות לחיטוי שלישייה,6.97,3.0,20.91,52001,True
9903,5713795200689,מוצץ סיליקון ONE SIZE DE LUX זוג (₪39.95 ליחידה),BIBS מוצץ סיליקון DE LUX שמנת ירוק,39.95,2.0,79.9,52001,True
9927,7290120930353,לייף מסכות פנים רפואיות פריים-שילד מבד היפואלרגני (₪0.99 ליח,לייף מסכות פנים פריים-שילד 10 יח,0.99,10.0,9.9,52001,True
9928,3614274368116,"RENERGIE TRIPLE SERUM RETINOL סרום (₪1,368 ל-)",לנקום רנרגי מולטי ליפט טריפל סרום עם רטי,1368.0,3.0,4104.0,52001,True
9931,5713795229123,מוצץ לטקס מידה 1 BOHEME זוג (₪39.95 ליחידה),BIBS מוצץ לטקס מידה 1 BOHEME שמנת ירוק,39.95,2.0,79.9,52001,True
11018,7290119918676,בייביז מוצצי סיליקון אורתודונטי +12 בנים (₪17.45 ליחידה),זוג מוצצי סיליקון אורתודונטי +12 בנים,17.45,2.0,34.9,52001,True
11799,7290113850132,לייף לייף קידס תחתונים להרטבת לילה לילדים בוגרים M 10 תחתוני,לייף קידס חיתולי לילה 10 יחידות M,3.32,10.0,33.199999999999996,52001,True
11815,4008600402138,סטאר יום ולילה 0-6 חודשים כחול (₪22.95 ליחידה),נוק זוג מוצצים סטאר יום ולילה 0-6 ח כחול,22.95,2.0,45.9,52001,True
12281,7610472880227,לאחסון חלב אם (₪1.80 ליחידה),שקיות לאחסון חלב אם 50 יחידות,1.8,50.0,90.0,52001,True
12606,5713795259687,סטודיו מוצץ לטקס מידה 1 IVORY STEEL BLUE זוג (₪39.95 ליחידה),BIBS מוצצי לטקס מידה 1 IVORY STEEL BLUE,39.95,2.0,79.9,52001,True
13324,7290109314846,בייביז רפידות הנקה לבנות (₪0.60 ליחידה),לייף בייביז רפידות הנקה 30 יח לבן,0.6,30.0,18.0,52001,True
13449,7290014952720,משחת החתלה קלנדולה קלאסיק - מארז * (₪23.58 ל-),מארז שלישייה משחת החתלה קלנדולה קלאסיק,23.58,3.0,70.74,52001,True
14955,8700216575324,פרימיום חיתולים שלב 7 (₪2.33 ליחידה),פמפרס פרימיום חיתולים שלב 7 21 יח,2.33,21.0,48.93,52001,True
15147,8700216350433,אקטיב בייבי דריי חיתולים בייבי דריי מידה 2 4- (₪1 ליחידה),פמפרס בייבי דריי מידה 2  43 יחידות,1.0,43.0,43.0,52001,True
15232,7290104963940,מגבוני פחם שחורים להסרת איפור פנים ועיניים (₪0.68 ליחידה),קרליין מגבוני פחם שחורים 25 יחידות,0.68,25.0,17.0,52001,True
15360,4008600404477,ספייס מיקי 6-18 חודשים (₪22.95 ליחידה),נוק זוג מוצצים ספייס מיקי 6-18 חודשים אפ,22.95,2.0,45.9,52001,True
15431,7290117388082,רפידות הנקה חד פעמיות גודל SIZE M (₪0.60 ליחידה),בלונס בייבי רפידות הנקה 50 יחידות M,0.6,50.0,30.0,52001,True
15787,5713795236329,מוצץ לטקס מידה 1 BOHEME זוג (₪39.95 ליחידה),BIBS מוצץ לטקס מידה 1 BOHEME תכלת טורקיז,39.95,2.0,79.9,52001,True
15970,4008600404507,ספייס מיקי 0-6 חודשים (₪22.95 ליחידה),נוק זוג מוצצים ספייס מיקי 0-6 חודשים אדו,22.95,2.0,45.9,52001,True
17794,7290119918638,בייביז מוצצי סיליקון אורתודונטי +12 בנות (₪17.45 ליחידה),זוג מוצצי סיליקון אורתודונטי +12 בנות,17.45,2.0,34.9,52001,True
17999,7290120935235,מ.הגנה SPF50 ספריי שקוף מארז זוג (₪17.48 ל-),לייף מ.הגנה SPF50 ספריי שקוף 200 מל מארז,17.48,2.0,34.96,52001,True
24910,9001616840081,SUPREME NIGHT מוצצי סיליקון 6+ זוהרים בלילה ורוד-סגול (₪40.4,מאם זוג מוצצים SUPREME סיליקון 6+ ורוד ס,40.45,2.0,80.9,52001,True
27310,9001616840074,SUPREME NIGHT מוצצי סיליקון 6+ זוהרים בלילה כחול-תכלת (₪40.4,מאם זוג מוצצים SUPREME סיליקון 6+ כחול ת,40.45,2.0,80.9,52001,True
53072,9001616840043,SUPREME NIGHT מוצצי סיליקון 0-6 זוהרים בלילה כחול-תכלת (₪40.,מאם זוג מוצצים SUPREME סיליקון 0-6 כחול,40.45,2.0,80.9,52001,True
53509,9001616840098,SUPREME NIGHT מוצצי סיליקון 6+ זוהרים בלילה ירוק-לבן (₪40.45,מאם זוג מוצצים SUPREME סיליקון 6+ ירוק ל,40.45,2.0,80.9,52001,True
54741,9001616840050,SUPREME NIGHT מוצצי סיליקון 0-6 זוהרים בלילה ורוד-סגול (₪40.,מאם זוג מוצצים SUPREME סיליקון 0-6 ורוד,40.45,2.0,80.9,52001,True
55749,9001616840067,SUPREME NIGHT מוצצי סיליקון 0-6 זוהרים בלילה לבן-אפור (₪40.4,מאם זוג מוצצים SUPREME סיליקון 0-6 לבן א,40.45,2.0,80.9,52001,True
72826,7290017088099,"חיתולים מידה 6 16+ ק""ג (₪1.03 ליחידה)",בייביסיטר חיתולים מידה 6 30 יחידות,1.03,30.0,30.900000000000002,52001,True
92804,7290113712010,חד פעמיות (₪0.07 ליחידה),סאנדיי כפפות ניילון חד פעמיות 100 יח,0.07,100.0,7.000000000000001,52001,True
99360,7290017088068,חיתולים מידה 4 8- (₪0.83 ליחידה),בייביסיטר חיתולים מידה 4 42 יחידות,0.83,42.0,34.86,52001,True
108800,783495578697,5 הומנפלורה LPLDL פרוביוטיקה 30 כמוסות (₪5.66 ליחידה),קטגורי 5 הומנפלורה LPLDL פרוביוטיקה,5.66,30.0,169.8,52001,True
110461,5713795228089,מוצץ לטקס מידה 1 COLOUR זוג (₪39.95 ליחידה),BIBS מוצץ לטקס מידה 1 COLOUR ורוד אדום,39.95,2.0,79.9,52001,True
179470,7290014981638,נוטריקר מאש פורס 60 כמוסות (₪2.78 ליחידה),נוטריקר מאש פורס 60 כמוסות,2.78,60.0,166.79999999999998,52001,True
198233,7290017088051,חיתולים מידה 3 5- (₪0.70 ליחידה),בייביסיטר חיתולים מידה 3 50 יחידות,0.7,50.0,35.0,52001,True
228762,5060062992588,לאחסון חלב אם 25 שקיות (₪1.92 ליחידה),לנסינו שקיות לאחסון חלב אם 25 יחידות,1.92,25.0,48.0,52001,True
253725,3346470617971,"ABEILLE ROYALE DOUBLE R סרום עיניים (₪3,075 ל-)",גרלן אביי רויאל סרום עיניים דאבל R,3075.0,2.0,6150.0,52001,True
862108,5713795221431,מוצץ סיליקון ONE SIZE DE LUX זוג (₪39.95 ליחידה),BIBS מוצץ סיליקון DE LUX שזיף אפרסק,39.95,2.0,79.9,52001,True
1135221,5713795236602,מוצץ סיליקון ONE SIZE DE LUX זוג (₪39.95 ליחידה),BIBS מוצץ סיליקון DE LUX סגול טאידאי,39.95,2.0,79.9,52001,True
1205152,7290017088075,חיתולים מידה +4 10- (₪0.87 ליחידה),בייביסיטר חיתולים מידה +4 40 יחידות,0.87,40.0,34.8,52001,True
1207966,7290017088983,חיתולים NB מידה 2 3- (₪0.79 ליחידה),בייביסיטר חיתולים NB מידה 2 38 יחידות,0.79,38.0,30.020000000000003,52001,True
1218507,7290017088082,חיתולים מידה 5 12- (₪0.97 ליחידה),בייביסיטר חיתולים מידה 5 36 יחידות,0.97,36.0,34.92,52001,True
1235420,5019090517621,כוסות שתייה (₪11.47 ליחידה),כוסות שתייה 4 יחידות,11.47,4.0,45.88,52001,True
1237510,037977400144,ריחניות לטיטולים (₪0.41 ליחידה),שקיות ריחניות לטיטולים 100 יחידות,0.41,100.0,41.0,52001,True
1369350,7290017088969,חיתולים NB מידה 1 2- (₪0.71 ליחידה),בייביסיטר חיתולים NB מידה 1 42 יחידות,0.71,42.0,29.82,52001,True
2224793,5060062992526,רפידות הנקה 24 יח (₪1.29 ליחידה),לנסינו רפידות הנקה 24 יח,1.29,24.0,30.96,52001,True
10394643,7290018439234,נוטריקר אבקת עשב שעורה טהורה בכמוסות 60 כמוסות (₪247.22 ל-),נוטריקר אבקת עשב שעורה טהורה בכמוסות 60 כמוסות (₪247.22 ל-),247.22,60.0,14833.2,52001,True
10394697,7290015129497,סקיני פסטה מארז 20 יח' סקיני בר בתוספת קקאו ושוקולד (₪3 ליחי,סקיני פסטה מארז 20 יח' סקיני בר בתוספת קקאו ושוקולד (₪3 ליחי,3.0,20.0,60.0,52001,True
10394701,7290015129480,סקיני פסטה מארז 20 יח' סקיני בר בתוספת אגוזי לוז וקינמון (₪3,סקיני פסטה מארז 20 יח' סקיני בר בתוספת אגוזי לוז וקינמון (₪3,3.0,20.0,60.0,52001,True
10394706,7290015129466,סקיני פסטה מארז 20 יח' סקיני בר בתוספת תפוח וקינמון (₪3 ליחי,סקיני פסטה מארז 20 יח' סקיני בר בתוספת תפוח וקינמון (₪3 ליחי,3.0,20.0,60.0,52001,True
10394763,9555192508755,ריגליס Wrigley's Chewy DoubleMint ריגלי סוכריות רכות בטעם מנ,ריגליס Wrigley's Chewy DoubleMint ריגלי סוכריות רכות בטעם מנ,37.5,2.0,75.0,52001,True
10394855,7290015129473,סקיני פסטה מארז 20 יח' סקיני בר בתוספת צימוקים וחמוציות (₪3 ,סקיני פסטה מארז 20 יח' סקיני בר בתוספת צימוקים וחמוציות (₪3 ,3.0,20.0,60.0,52001,True
10394962,3045206312257,מגבונים לחיטוי כללי 36 יח' (₪0.41 ליחידה),יעקבי דזיטול - מגבונים לחיטוי כללי 36 יח' (₪0.41 ליחידה),0.41,36.0,14.76,52001,True
10394968,0612477570964,"בדים יוקרתי - הונולולו 1 יחידה, (‫₪12.86 ל-‬)","מיוסנט מבשם בדים יוקרתי - הונולולו 1 יחידה, (₪12.86 ל-)",12.86,1.0,12.86,52001,True
10394978,7290109921303,SLIM טורבול - זוג סופגי לחות חד פעמיים 200 גר' (₪0.22 ל-),יעקבי SLIM טורבול - זוג סופגי לחות חד פעמיים 200 גר' (₪0.22 ,0.22,2.0,0.44,52001,True
10395027,7290109924137,יעקבי אסטוניש קפסולות לניקוי כלים במדיח 42 יח' (₪1.31 ליחידה,יעקבי אסטוניש קפסולות לניקוי כלים במדיח 42 יח' (₪1.31 ליחידה,1.31,42.0,55.02,52001,True
10395034,096619105489,Kirkland Signature קפסולות כביסה Kirkland Ultra Clean (152 י,Kirkland Signature קפסולות כביסה Kirkland Ultra Clean (152 י,1.18,152.0,179.35999999999999,52001,True
10395093,7895742266493,Morelli Morelli Bioflex Toothbrush מברשת שיניים לטיפול אורתו,Morelli Morelli Bioflex Toothbrush מברשת שיניים לטיפול אורתו,25.0,4.0,100.0,52001,True
10395127,1244444425893,שפדלים מקלות עץ גדולים 100 יח בחבילה לשימוש חד פעמי (₪0.15 ל,Depileve שפדלים מקלות עץ גדולים 100 יח בחבילה לשימוש חד פעמי,0.15,100.0,15.0,52001,True
10395137,1244444425886,שפדלים מקלות עץ צרים 200 יח בחבילה לשימוש חד פעמי (₪0.10 ליח,Depileve שפדלים מקלות עץ צרים 200 יח בחבילה לשימוש חד פעמי (,0.1,200.0,20.0,52001,True
10395141,1244444430156,דפילבוקס 400 יח׳ DEPILBOX CLASSIC דפילב 400 יח׳ (₪0.30 ליחיד,Depileve דפילבוקס 400 יח׳ DEPILBOX CLASSIC דפילב 400 יח׳ (₪0,0.3,400.0,120.0,52001,True
10395143,1244444430163,מגן טבעת 50 יח׳ COLLAR RINGS דפילב 50 יח׳ (₪1.18 ליחידה),Depileve מגן טבעת 50 יח׳ COLLAR RINGS דפילב 50 יח׳ (₪1.18 לי,1.18,50.0,59.0,52001,True
10395169,1244444430224,ספטולות גוף 100 יח׳ BODY APPLICATOR SPATULAS דפילב 100 יח׳ (,Depileve ספטולות גוף 100 יח׳ BODY APPLICATOR SPATULAS דפילב ,0.19,100.0,19.0,52001,True
10395170,1244444430538,שקית ניילון פרפין 100יח׳ PLASTIC LINERS דפילב 100 יח׳ (₪1.05,Depileve שקית ניילון פרפין 100יח׳ PLASTIC LINERS דפילב 100 י,1.05,100.0,105.0,52001,True
10395171,1244444430286,רצועות שעווה לגוף 100 יח׳ BODY STRIPS דפילב 100 יח׳ (₪0.35 ל,Depileve רצועות שעווה לגוף 100 יח׳ BODY STRIPS דפילב 100 יח׳,0.35,100.0,35.0,52001,True
10395172,1244444430293,רצועות שעווה לפנים 100 יח׳ FACIAL STRIPS דפילב 100 יח׳ (₪0.3,Depileve רצועות שעווה לפנים 100 יח׳ FACIAL STRIPS דפילב 100 ,0.35,100.0,35.0,52001,True
10395194,1244444430187,מחזיק לפחית שעווה WAX CAN HOLDER דפילב 50 יח׳ (₪0.70 ליחידה),Depileve מחזיק לפחית שעווה WAX CAN HOLDER דפילב 50 יח׳ (₪0.7,0.7,50.0,35.0,52001,True
10395230,023243007476,רחצה מוצק טבעי אבוקדו שלישייה (₪14.97 ל-),ירדן סבון רחצה מוצק טבעי אבוקדו שלישייה (₪14.97 ל-),14.97,3.0,44.910000000000004,52001,True
10395283,7296168012174,Salux שלישייה (₪29.97 ליחידה),TopMed Salux שלישייה (₪29.97 ליחידה),29.97,3.0,89.91,52001,True
10395393,23243007476,רחצה מוצק טבעי שלישייה (₪16.63 ל-),ירדן סבון רחצה מוצק טבעי שלישייה (₪16.63 ל-),16.63,3.0,49.89,52001,True
10395425,9421907199184,הלו - זוג גביעוניות במידות S+M (₪112.50 ליחידה),הלו - זוג גביעוניות במידות S+M (₪112.50 ליחידה),112.5,2.0,225.0,52001,True
10395443,7290019755074,"de Joie Deep Hydration - ג'ל לחות ליובש בנרתיק ללא הורמונים,",Secret de Joie Deep Hydration - ג'ל לחות ליובש בנרתיק ללא הו,33.8,5.0,169.0,52001,True
10395453,9421907199177,הלו - זוג גביעוניות במידות M+L (₪112.50 ליחידה),הלו - זוג גביעוניות במידות M+L (₪112.50 ליחידה),112.5,2.0,225.0,52001,True
10395482,72900114393091,זוג - קרם רב שימושי מועשר בתמצית רימונים (₪16.12 ל-),Nava זוג - קרם רב שימושי מועשר בתמצית רימונים (₪16.12 ל-),16.12,2.0,32.24,52001,True
10395833,8033765642347,KAY SEEING DOUBLE א.ד.פ לאשה (₪124 ל-),MISS KAY SEEING DOUBLE א.ד.פ לאשה (₪124 ל-),124.0,2.0,248.0,52001,True
10396085,5350555013358,זוג ראשי מברשת שיניים חשמלית גודל מדיום (₪17.50 ליחידה),זוג ראשי מברשת שיניים חשמלית גודל מדיום (₪17.50 ליחידה),17.5,2.0,35.0,52001,True
10396110,0693493220446,pump pro double - ביאמבה פאמפ פרו משאבת חלב זוגית (₪645 ליחי,Biamba Biamba pump pro double - ביאמבה פאמפ פרו משאבת חלב זו,645.0,2.0,1290.0,52001,True
10396114,3700487045088,מארז 2 זוגות רפידות הנקה יום (₪49.50 ליחידה),מארז 2 זוגות רפידות הנקה יום (₪49.50 ליחידה),49.5,2.0,99.0,52001,True
10396119,5713795252701,זוג מוצצים PINE/CORNFLOWE גודל 1 (₪39.95 ליחידה),זוג מוצצים PINE/CORNFLOWE גודל 1 (₪39.95 ליחידה),39.95,2.0,79.9,52001,True
10396120,5713795255184,זוג מוצצים DUSTYPINK/CORAL גודל 1 (₪39.95 ליחידה),זוג מוצצים DUSTYPINK/CORAL גודל 1 (₪39.95 ליחידה),39.95,2.0,79.9,52001,True
10396121,5713795242009,זוג מוצצים סופרים סיליקון SAND/IRON גודל 1 (₪39.95 ליחידה),זוג מוצצים סופרים סיליקון SAND/IRON גודל 1 (₪39.95 ליחידה),39.95,2.0,79.9,52001,True
10396124,37977800463,נשכנים מצוננים פרפר (₪12.45 ליחידה),סאסי זוג נשכנים מצוננים פרפר (₪12.45 ליחידה),12.45,2.0,24.9,52001,True
10396125,5713795252725,זוג מוצצים VIOLETSK/PUMPKIN גודל 1 (₪39.95 ליחידה),זוג מוצצים VIOLETSK/PUMPKIN גודל 1 (₪39.95 ליחידה),39.95,2.0,79.9,52001,True
10396126,608028959340,מארז 4 חבילות - היחידים שנקיים מכימיקלים (₪11.25 ליחידה),Only Wipes מארז 4 חבילות - היחידים שנקיים מכימיקלים (₪11.25 ,11.25,4.0,45.0,52001,True
10396127,97200160922356,12 יח׳ מגבונים רכים במיוחד לתינוק - ללא בישום (₪5.83 ליחידה),אליסיום מארז 12 יח׳ מגבונים רכים במיוחד לתינוק - ללא בישום (,5.83,12.0,69.96000000000001,52001,True
10396128,97200160922288-3,שלישייה מגבונים אליסיום רכים במיוחד לתינוק - ללא בישום (₪6.6,אליסיום מארז שלישייה מגבונים אליסיום רכים במיוחד לתינוק - לל,6.63,3.0,19.89,52001,True
10396130,7290019227427,"מגבוני הקסם, מגבון שנפתח בקסם – 50 יח’ (₪0.36 ליחידה)","מגבוני הקסם, מגבון שנפתח בקסם – 50 יח’ (₪0.36 ליחידה)",0.36,50.0,18.0,52001,True
10396137,7290011363598,מגבונים היפואלרגניים עבים אריזת שלישייה (₪16.97 ליחידה),מגבוני פרוקטו מגבונים היפואלרגניים עבים אריזת שלישייה (₪16.9,16.97,3.0,50.91,52001,True
10396139,7290019075271,"ד""ר פישר פרוקטו סופט מגבונים היגיינים לניקוי יסודי והרגעה בא","ד""ר פישר פרוקטו סופט מגבונים היגיינים לניקוי יסודי והרגעה בא",0.24,3.0,0.72,52001,True
10396141,7290016621907,"ד""ר פישר פרוקטו סופט מגבונים היגיינים לניקוי יסודי והרגעה בא","ד""ר פישר פרוקטו סופט מגבונים היגיינים לניקוי יסודי והרגעה בא",0.42,50.0,21.0,52001,True
10396148,7290119910106,כמוסות ליקוויד ג'ל 40 כמוסות נוזל (₪1.17 ליחידה),לייף איבופרו כמוסות ליקוויד ג'ל 40 כמוסות נוזל (₪1.17 ליחידה,1.17,40.0,46.8,52001,True
10396149,7290119910113,כמוסות ליקוויד ג'ל 16 כמוסות נוזל (₪1.74 ליחידה),לייף איבופרו כמוסות ליקוויד ג'ל 16 כמוסות נוזל (₪1.74 ליחידה,1.74,16.0,27.84,52001,True
10396150,7290015912938,ליקוויד ג'ל 200 - חדש 16 כמוסות נוזל (₪1.89 ליחידה),אדקס כמוסות ליקוויד ג'ל 200 - חדש 16 כמוסות נוזל (₪1.89 ליחי,1.89,16.0,30.24,52001,True
10396152,7290015912914,ליקוויד ג'ל 400 - חדש 20 כמוסות נוזל (₪2.51 ליחידה),אדקס כמוסות ליקוויד ג'ל 400 - חדש 20 כמוסות נוזל (₪2.51 ליחי,2.51,20.0,50.199999999999996,52001,True
10396157,7290019501688,"ד""ר פישר פרוקטו סופט מגבונים נשטפים ומתכלים באסלה - מארז 3 *","ד""ר פישר פרוקטו סופט מגבונים נשטפים ומתכלים באסלה - מארז 3 *",0.34,3.0,1.02,52001,True
10396161,72900057141082,"שורשים N Belly קומפלקס צמחים, חומצה לינולאית, חומץ תפוחים, ל","שורשים N Belly קומפלקס צמחים, חומצה לינולאית, חומץ תפוחים, ל",2.76,2.0,5.52,52001,True
10396162,7290019827115,קפסולות ProBiotics+ 30 קפסולות (₪630 ל-),קפסולות ProBiotics+ 30 קפסולות (₪630 ל-),630.0,30.0,18900.0,52001,True
10396163,7290011606312,גלוקוסטנדרט גלוקוצויס טבליות גלוקוז 4 גר-פטל-20 יח (₪0.96 לי,גלוקוסטנדרט גלוקוצויס טבליות גלוקוז 4 גר-פטל-20 יח (₪0.96 לי,0.96,20.0,19.2,52001,True
10396170,7290011606350,גלוקוסטנדרט גלוקוצויס טבליות גלוקוז 4 גר-תפוז-20 יח (₪0.96 ל,גלוקוסטנדרט גלוקוצויס טבליות גלוקוז 4 גר-תפוז-20 יח (₪0.96 ל,0.96,20.0,19.2,52001,True
10396180,7290102749805,"לייף אגד רפואי מנייר 2.5 ס""מ*9 מטר 9 מטר (₪1.66 ל-1 מטר)","לייף אגד רפואי מנייר 2.5 ס""מ*9 מטר 9 מטר (₪1.66 ל-1 מטר)",1.66,9.0,14.94,52001,True
10396182,7290102749850,"לייף אגד רפואי שקוף 2.5 ס""מ*9 מטר 9 מטר (₪1.66 ל-1 מטר)","לייף אגד רפואי שקוף 2.5 ס""מ*9 מטר 9 מטר (₪1.66 ל-1 מטר)",1.66,9.0,14.94,52001,True
10396189,6291103652416,נקסקר סופטנפלקס אחיד,3M נקסקר פלסטר סופטנ'פלקס גמיש ונמתח - גודל אחיד (₪1.20 ליחי,1.2,3.0,3.5999999999999996,52001,True
10396190,7290102749799,"לייף אגד רפואי מנייר 1.25 ס""מ*9 מטר 9 מטר (₪1.32 ל-1 מטר)","לייף אגד רפואי מנייר 1.25 ס""מ*9 מטר 9 מטר (₪1.32 ל-1 מטר)",1.32,9.0,11.88,52001,True
10396192,4054596760080,פלסטרים נקסקר מעורב,3M נקסקר פלסטר ווטרפרוף אטום בפני מים שקוף ודק במיוחד – במגו,1.2,3.0,3.5999999999999996,52001,True
10396193,7290118201281,לייף חבישה רכה עם דבק לחתוך עצמי 1 מטר (₪26.90 ל-1 מטר),לייף חבישה רכה עם דבק לחתוך עצמי 1 מטר (₪26.90 ל-1 מטר),26.9,1.0,26.9,52001,True
10396195,7290103439521,"לייף תחבושת אלסטית רוחב 7.5 ס""מ 4.5 מטר 4.5 מטר (‫₪4.42 ל-1 ","לייף תחבושת אלסטית רוחב 7.5 ס""מ 4.5 מטר 4.5 מטר (‫₪4.42 ל-1 ",4.42,5.0,22.1,52001,True
10396198,4054596758742,נקסקר אקטיב מעורב,3M נקסקר פלסטר אקטיב מרופד נצמד לעור לח במגוון גדלים (₪1.20 ,1.2,3.0,3.5999999999999996,52001,True
10396199,7290102749843,"לייף לייף אגד רפואי שקוף רוחב 1.25 ס""מ אורך 9 מטר 9 מטר (₪1.","לייף לייף אגד רפואי שקוף רוחב 1.25 ס""מ אורך 9 מטר 9 מטר (₪1.",1.21,9.0,10.89,52001,True
10396201,7290004351199,"3M נקסקר אגד רפואי דביק מנייר בדיספנסר - עדין ונושם ""0.5 9.1","3M נקסקר אגד רפואי דביק מנייר בדיספנסר - עדין ונושם ""0.5 9.1",1.65,1.0,1.65,52001,True
10396204,7290113820173,"לייף אגד רפואי מבד דמוי משי 2 ס""מ*5 מטר 5 מטר (₪3.78 ל-1 מטר","לייף אגד רפואי מבד דמוי משי 2 ס""מ*5 מטר 5 מטר (₪3.78 ל-1 מטר",3.78,5.0,18.9,52001,True
10396205,0051131995253,3M נקסקר פלסטר ווטרפרוף אטום בפני מים שקוף ודק במיוחד – גודל,3M נקסקר פלסטר ווטרפרוף אטום בפני מים שקוף ודק במיוחד – גודל,1.79,3.0,5.37,52001,True
10396206,0051131997172,3M נקסקר פלסטר אקטיב מרופד נצמד לעור לח רחב מאוד (₪5.11 ליחי,3M נקסקר פלסטר אקטיב מרופד נצמד לעור לח רחב מאוד (₪5.11 ליחי,5.11,3.0,15.330000000000002,52001,True
10396207,0051131000162,"3M נקסקר אגד רפואי דביק מנייר - עדין ונושם ""2 9.14 מטר (₪3.3","3M נקסקר אגד רפואי דביק מנייר - עדין ונושם ""2 9.14 מטר (₪3.3",3.38,14.0,47.32,52001,True
10396208,7290013575326,"פד לכויות 10X10 ס""מ 10 יח","פירסט און פד לכוויות 10*10 ס""מ (₪2.39 ליחידה)",2.39,10.0,23.900000000000002,52001,True
10396209,0051131000148,"3M נקסקר אגד רפואי דביק מנייר - עדין ונושם ""0.5 9.14 מטר (₪1","3M נקסקר אגד רפואי דביק מנייר - עדין ונושם ""0.5 9.14 מטר (₪1",1.42,14.0,19.88,52001,True
10396210,4054596745780,נקסקר אקטיב אחיד,3M נקסקר פלסטר אקטיב מרופד נצמד לעור לח גודל אחיד (₪1.20 ליח,1.2,3.0,3.5999999999999996,52001,True
10396211,7290113820166,"לייף אגד רפואי מבד דמוי משי 1.25 ס""מ*5 מטר 5 מטר (₪2.98 ל-1 ","לייף אגד רפואי מבד דמוי משי 1.25 ס""מ*5 מטר 5 מטר (₪2.98 ל-1 ",2.98,5.0,14.9,52001,True
10396213,0051131000155,"3M נקסקר אגד רפואי דביק מנייר - עדין ונושם ""1 9.14 מטר (₪2.0","3M נקסקר אגד רפואי דביק מנייר - עדין ונושם ""1 9.14 מטר (₪2.0",2.07,14.0,28.979999999999997,52001,True
10396214,0051131566613,"3M נקסקר אגד רפואי דביק שקוף - גמיש במיוחד ""2 9.14 מטר (₪4.0","3M נקסקר אגד רפואי דביק שקוף - גמיש במיוחד ""2 9.14 מטר (₪4.0",4.04,14.0,56.56,52001,True
10396215,4054596918320,נקסקר דואו מגוון,"3M נקסקר דואו פלסטרים בשלושה גדלים: 24x29 מ""מ 22x57 מ""מ 76x2",2.04,3.0,6.12,52001,True
10396216,4054596918337,נקסקר דואו מעטפית,"3M נקסקר דואו פלסטרים בשני גדלים: 29x76 מ""מ 22x57 מ""מ (₪2.61",2.61,3.0,7.83,52001,True
10396217,4054596918344,נקסקר דואו רחב,"3M נקסקר דואו פלסטרים גודל: 102x51 מ""מ (₪7.18 ליחידה)",7.18,3.0,21.54,52001,True
10396218,7290103439538,"לייף תחבושת אלסטית 10 ס""מ 4.5 מטר 4.5 מטר (₪5.09 ל-1 מטר)","לייף תחבושת אלסטית 10 ס""מ 4.5 מטר 4.5 מטר (₪5.09 ל-1 מטר)",5.09,5.0,25.45,52001,True
10396220,123456789102,SpiderTech קינזיוטייפ לגב תחתון - ספיידרטק 10 יח (₪7.90 ליחי,SpiderTech קינזיוטייפ לגב תחתון - ספיידרטק 10 יח (₪7.90 ליחי,7.9,10.0,79.0,52001,True
10396224,8809273950454,Activix אקסטרים טייפ קינזיולוגי בז' מוזהב (₪22.18 ל-1 מטר),Activix אקסטרים טייפ קינזיולוגי בז' מוזהב (₪22.18 ל-1 מטר),22.18,1.0,22.18,52001,True
10396229,0051131000209,"3M נקסקר אגד רפואי דביק מבד - עמיד וחזק ""1 9.14 מטר (₪3.38 ל","3M נקסקר אגד רפואי דביק מבד - עמיד וחזק ""1 9.14 מטר (₪3.38 ל",3.38,14.0,47.32,52001,True
10396230,0051131995260,3M נקסקר פלסטר אולטרה נמתח – במגוון גדלים (₪1.20 ליחידה),3M נקסקר פלסטר אולטרה נמתח – במגוון גדלים (₪1.20 ליחידה),1.2,3.0,3.5999999999999996,52001,True
10396231,0051131664296,"3M נקסקר אגד רפואי דביק מנייר - עדין ונושם ""1 9.14 מטר (₪2.2","3M נקסקר אגד רפואי דביק מנייר - עדין ונושם ""1 9.14 מטר (₪2.2",2.29,14.0,32.06,52001,True
10396233,7290018104941,פלסטר נקסקר בקופסת פח,3M נקסקר פלסטר בקופסת פח מלבניים+ווטרפרוף + (₪1.03 ליחידה),1.03,3.0,3.09,52001,True
10396237,4015400966944,קליר בלו בדיקת הריון מארז זוג (₪32.95 ליחידה),קליר בלו בדיקת הריון מארז זוג (₪32.95 ליחידה),32.95,2.0,65.9,52001,True
10396241,7296168100017,TopMed ערכה לבדיקת הריון זוג (₪17.45 ליחידה),TopMed ערכה לבדיקת הריון זוג (₪17.45 ליחידה),17.45,2.0,34.9,52001,True
10396283,7290019755067,Secret de Joie Revive'n Play - ג'ל סיכה (לובריקנט) ולחות מוש,Secret de Joie Revive'n Play - ג'ל סיכה (לובריקנט) ולחות מוש,29.8,5.0,149.0,52001,True
10396307,7290008092241,ג'נבול קאפס כמוסות ג'ל 20 כמוסות (₪1.54 ליחידה),ג'נבול קאפס כמוסות ג'ל 20 כמוסות (₪1.54 ליחידה),1.54,20.0,30.8,52001,True
10396320,7290006497758,ארומה סנס מארז שמן שקדים מתוקים - זוג (₪30.45 ל-),ארומה סנס מארז שמן שקדים מתוקים - זוג (₪30.45 ל-),30.45,2.0,60.9,52001,True
10396407,7290111596865,לייף אוריאל מדרסי ג'ל לאשה ורוד 302W זוג מדרסים (₪67.45 ליחי,לייף אוריאל מדרסי ג'ל לאשה ורוד 302W זוג מדרסים (₪67.45 ליחי,67.45,2.0,134.9,52001,True
10396408,7297046820010,אוריאל רפידות אנטי ריח לילדים מספר 370 זוג רפידות (₪12.95 לי,אוריאל רפידות אנטי ריח לילדים מספר 370 זוג רפידות (₪12.95 לי,12.95,2.0,25.9,52001,True
10396409,7290111596858,לייף אוריאל מדרסי ג'ל לגבר כחול 302M זוג מדרסים (₪67.45 ליחי,לייף אוריאל מדרסי ג'ל לגבר כחול 302M זוג מדרסים (₪67.45 ליחי,67.45,2.0,134.9,52001,True
10396411,7290014233744,Sensiteva 7 זוגות גרבי בריאות (₪14.14 ליחידה),Sensiteva 7 זוגות גרבי בריאות (₪14.14 ליחידה),14.14,2.0,28.28,52001,True
10396483,7290006693020,אופטיפרי אקספרס תמיסת חיטוי רב תכליתית לעדשות מגע מארז שלישי,אופטיפרי אקספרס תמיסת חיטוי רב תכליתית לעדשות מגע מארז שלישי,13.25,3.0,39.75,52001,True
10396484,7290004248376,+ LOMB תמיסה לעדשות רניו מולטי פלוס שלישייה (₪13.06 ל-),+ LOMB תמיסה לעדשות רניו מולטי פלוס שלישייה (₪13.06 ל-),13.06,3.0,39.18,52001,True
10396489,7290109315058,לייף ALL IN ONE Plus תמיסה רב-תכלתית בתוספת מסיר אנזימטי מאר,לייף ALL IN ONE Plus תמיסה רב-תכלתית בתוספת מסיר אנזימטי מאר,9.5,3.0,28.5,52001,True
10396493,7290109315041,לייף SALINE תמיסת סליין סטרילית אריזת זוג - * 2 (₪7.05 ל-),לייף SALINE תמיסת סליין סטרילית אריזת זוג - * 2 (₪7.05 ל-),7.05,2.0,14.1,52001,True
10396979,7297046124392,אוריאל גרבי טיסה 39-42 זוג גרביים (₪65.50 ליחידה),אוריאל גרבי טיסה 39-42 זוג גרביים (₪65.50 ליחידה),65.5,2.0,131.0,52001,True
10411640,0693493184731,ביאמבה פאמפ אפUP משאבת חלב זוגית - biamba pump UP 2 double (,ביאמבה פאמפ אפUP משאבת חלב זוגית - biamba pump UP 2 double (,495.0,2.0,990.0,52001,True
